PLAYER_ID,FIRST_NAME_TX,LAST_NAME_TX,hits,AB,average
abreb001,Bobby,Abreu,326,1509,0.2160
abret001,Tony,Abreu,100,423,0.2364
ackld001,Dustin,Ackley,325,1471,0.2209
adamd001,David,Adams,27,152,0.1776
adamm002,Matt,Adams,119,477,0.2495
alfoe002,Eliezer,Alfonzo,29,120,0.2417
alleb001,Brandon,Allen,49,273,0.1795
almoz001,Zoilo,Almonte,25,113,0.2212
alony001,Yonder,Alonso,279,1121,0.2489
altuj001,Jose,Altuve,405,1536,0.2637
alvap001,Pedro,Alvarez,398,1871,0.2127
amara001,Alexi,Amarista,161,752,0.2141
andeg001,Garret,Anderson,28,163,0.1718
andir001,Robert,Andino,238,1106,0.2152
andre001,Elvis,Andrus,706,2906,0.2429
ankir001,Rick,Ankiel,202,976,0.2070
aokin001,Norichika,Aoki,321,1262,0.2544
arcio001,Oswaldo,Arcia,88,378,0.2328
arenj001,J.P.,Arencibia,275,1392,0.1976
arenn001,Nolan,Arenado,130,514,0.2529
ariaj001,Joaquin,Arias,183,722,0.2535
arrob001,Bronson,Arroyo,29,295,0.0983
aschc001,Cody,Asche,38,179,0.2123
atkig001,Garrett,Atkins,30,152,0.1974
averx001,Xavier,Avery,21,107,0.1963
avila001,Alex,Avila,382,1811,0.2109
avilm001,Mike,Aviles,421,1697,0.2481
aybae001,Erick,Aybar,589,2337,0.2520
aybaw001,Willy,Aybar,63,315,0.2000
bailh001,Homer,Bailey,35,236,0.1483
bakej001,Jeff,Baker,198,812,0.2438
bakej002,John,Baker,71,364,0.1951
barar001,Rod,Barajas,211,1037,0.2035
bardj001,Josh,Bard,41,212,0.1934
barmc001,Clint,Barmes,371,1761,0.2107
barnb002,Brandon,Barnes,118,550,0.2145
barnd001,Darwin,Barney,408,1799,0.2268
bartd001,Daric,Barton,253,1225,0.2065
bartj001,Jason,Bartlett,272,1265,0.2150
bautj002,Jose,Bautista,500,2265,0.2208
baxtm001,Mike,Baxter,81,415,0.1952
bay-j001,Jason,Bay,273,1361,0.2006
beckg001,Gordon,Beckham,449,2046,0.2195
bellj004,Josh,Bell,53,282,0.1879
bellr002,Ronnie,Belliard,35,185,0.1892
belta001,Adrian,Beltre,745,2590,0.2876
beltb001,Brandon,Belt,311,1308,0.2378
beltc001,Carlos,Beltran,553,2190,0.2525
berkl001,Lance,Berkman,355,1554,0.2284
bernr001,Roger,Bernadina,284,1313,0.2163
berrq001,Quintin,Berry,85,368,0.2310
betay001,Yuniesky,Betancourt,429,1852,0.2316
betew001,Wilson,Betemit,263,1069,0.2460
bianj001,Jeff,Bianchi,69,328,0.2104
billc001,Chad,Billingsley,26,190,0.1368
bixlb001,Brian,Bixler,34,190,0.1789
blacc001,Charlie,Blackmon,133,481,0.2765
blakc001,Casey,Blake,177,810,0.2185
blana001,Andres,Blanco,63,267,0.2360
blang001,Gregor,Blanco,295,1292,0.2283
blanh001,Henry,Blanco,84,474,0.1772
blanj001,Joe,Blanton,14,153,0.0915
blank002,Kyle,Blanks,124,624,0.1987
bloow001,Willie,Bloomquist,292,1091,0.2676
blumg001,Geoff,Blum,69,306,0.2255
boesb001,Brennan,Boesch,367,1540,0.2383
bogub001,Brian,Bogusevic,163,773,0.2109
bonie001,Emilio,Bonifacio,379,1577,0.2403
borbj001,Julio,Borbon,167,693,0.2410
bourj001,Jason,Bourgeois,116,472,0.2458
bourm001,Michael,Bourn,645,2614,0.2467
bourp001,Peter,Bourjos,258,1136,0.2271
bowkj001,John,Bowker,37,199,0.1859
bradj001,Jackie,Bradley,18,107,0.1682
bradm001,Milton,Bradley,72,393,0.1832
branm003,Michael,Brantley,511,2045,0.2499
branr001,Russell,Branyan,114,574,0.1986
branr002,Rob,Brantly,76,356,0.2135
braur002,Ryan,Braun,650,2291,0.2837
brigr001,Reid,Brignac,144,715,0.2014
browa003,Andrew,Brown,64,313,0.2045
browd004,Domonic,Brown,237,1035,0.2290
browj006,Jordan,Brown,23,109,0.2110
brucj001,Jay,Bruce,606,2603,0.2328
buckj001,John,Buck,374,1796,0.2082
buckt001,Travis,Buck,57,289,0.1972
bumgm001,Madison,Bumgarner,31,271,0.1144
burna001,A.J.,Burnett,8,145,0.0552
burre001,Emmanuel,Burriss,59,307,0.1922
burrp001,Pat,Burrell,142,705,0.2014
burrs001,Sean,Burroughs,33,136,0.2426
buted001,Drew,Butera,90,541,0.1664
butlb003,Billy,Butler,723,2697,0.2681
byrdm001,Marlon,Byrd,486,1867,0.2603
cabra002,Asdrubal,Cabrera,543,2274,0.2388
cabre001,Everth,Cabrera,251,1134,0.2213
cabrm001,Miguel,Cabrera,810,2833,0.2859
cabrm002,Melky,Cabrera,573,2096,0.2734
cabro001,Orlando,Cabrera,238,1022,0.2329
cahit001,Trevor,Cahill,12,136,0.0882
cainl001,Lorenzo,Cain,210,867,0.2422
cainm001,Matt,Cain,38,320,0.1188
cairm001,Miguel,Cairo,151,663,0.2278
calhk001,Kole,Calhoun,59,247,0.2389
calla001,Alberto,Callaspo,519,2179,0.2382
camem001,Mike,Cameron,90,449,0.2004
campt001,Tony,Campana,95,401,0.2369
canor001,Robinson,Cano,796,2856,0.2787
cantj001,Jorge,Cantu,149,678,0.2198
canzr001,Russ,Canzler,26,102,0.2549
capuc001,Chris,Capuano,11,179,0.0615
carpc002,Chris,Carpenter,25,188,0.1330
carpm001,Mike,Carp,186,794,0.2343
carpm002,Matt,Carpenter,306,1169,0.2618
carre001,Ezequiel,Carrera,92,405,0.2272
carrj001,Jamey,Carroll,407,1710,0.2380
carsm001,Matt,Carson,36,165,0.2182
cartc001,Chris,Carter,44,180,0.2444
cartc002,Chris,Carter,184,969,0.1899
cashk001,Kevin,Cash,19,129,0.1473
casia001,Alexi,Casilla,222,986,0.2252
castj004,Juan,Castro,29,155,0.1871
castj006,Jason,Castro,226,1003,0.2253
castl001,Luis,Castillo,58,299,0.1940
castr002,Ramon,Castro,48,203,0.2365
casts001,Starlin,Castro,692,2617,0.2644
castw002,Welington,Castillo,157,653,0.2404
ceder002,Ronny,Cedeno,330,1430,0.2308
cervf001,Francisco,Cervelli,119,519,0.2293
cespy001,Yoenis,Cespedes,283,1157,0.2446
chacj001,Jhoulys,Chacin,32,209,0.1531
chama002,Adron,Chambers,20,113,0.1770
chave001,Eric,Chavez,210,881,0.2384
chave002,Endy,Chavez,180,728,0.2473
chisl001,Lonnie,Chisenhall,160,686,0.2332
choos001,Shin-Soo,Choo,578,2406,0.2402
chrij003,Justin,Christian,19,112,0.1696
churr001,Ryan,Church,44,238,0.1849
cirip001,Pedro,Ciriaco,117,449,0.2606
clemj001,Jeff,Clement,32,178,0.1798
clevs001,Steve,Clevenger,46,243,0.1893
coghc001,Chris,Coghlan,221,1017,0.2173
colac001,Chris,Colabello,31,181,0.1713
colvt001,Tyler,Colvin,256,1147,0.2232
congh001,Hank,Conger,103,508,0.2028
conrb001,Brooks,Conrad,76,416,0.1827
consj001,Jose,Constanza,62,238,0.2605
coopd002,David,Cooper,57,226,0.2522
coraa001,Alex,Cora,72,366,0.1967
corbp001,Patrick,Corbin,12,116,0.1034
corpc001,Carlos,Corporan,93,468,0.1987
corrk001,Kevin,Correia,15,172,0.0872
counc001,Craig,Counsell,79,421,0.1876
couss001,Scott,Cousins,32,193,0.1658
cowgc001,Collin,Cowgill,83,379,0.2190
cozaz001,Zack,Cozart,299,1284,0.2329
craia001,Allen,Craig,421,1538,0.2737
crawb001,Brandon,Crawford,282,1300,0.2169
crawc002,Carl,Crawford,485,1862,0.2605
crisc001,Coco,Crisp,484,2047,0.2364
crosb002,Bobby,Crosby,37,189,0.1958
crowt001,Trevor,Crowe,153,692,0.2211
cruzl001,Luis,Cruz,113,500,0.2260
cruzn002,Nelson,Cruz,549,2193,0.2503
cruzt002,Tony,Cruz,74,333,0.2222
cuddm001,Michael,Cuddyer,572,2204,0.2595
cuetj001,Johnny,Cueto,18,227,0.0793
culbc001,Charlie,Culberson,32,127,0.2520
cunna001,Aaron,Cunningham,71,357,0.1989
custj001,Jack,Cust,143,695,0.2058
damoj001,Johnny,Damon,348,1501,0.2318
dankj002,Jordan,Danks,52,254,0.2047
darnc001,Chase,d'Arnaud,31,157,0.1975
darnt001,Travis,d'Arnaud,20,112,0.1786
davib004,Brad,Davis,23,123,0.1870
davic003,Chris,Davis,387,1607,0.2408
davii001,Ike,Davis,360,1711,0.2104
davik003,Khris,Davis,38,153,0.2484
davir003,Rajai,Davis,426,1746,0.2440
deaza001,Alejandro,"De Aza",366,1463,0.2502
dejed001,David,DeJesus,452,1937,0.2334
delaj001,Jorge,"de la Rosa",16,131,0.1221
dempr002,Ryan,Dempster,16,178,0.0899
denoc001,Chris,Denorfia,396,1559,0.2540
derom001,Mark,DeRosa,106,538,0.1970
descd001,Daniel,Descalso,276,1287,0.2145
desmi001,Ian,Desmond,614,2434,0.2523
detwr001,Ross,Detwiler,6,104,0.0577
dewib001,Blake,DeWitt,181,773,0.2342
diazm003,Matt,Diaz,150,659,0.2276
dickc001,Chris,Dickerson,62,288,0.2153
dickc002,Corey,Dickerson,51,213,0.2394
dickr001,R.A.,Dickey,34,219,0.1553
dietd001,Derek,Dietrich,46,233,0.1974
dirka001,Andy,Dirks,279,1121,0.2489
dobbg001,Greg,Dobbs,290,1224,0.2369
domim001,Matt,Dominguez,173,750,0.2307
donaj001,Josh,Donaldson,253,1036,0.2442
donaj002,Jason,Donald,142,603,0.2355
doumr001,Ryan,Doumit,421,1758,0.2395
downm001,Matt,Downs,112,522,0.2146
dozib001,Brian,Dozier,210,963,0.2181
drewj001,J.D.,Drew,177,832,0.2127
drews001,Stephen,Drew,424,1893,0.2240
dudal001,Lucas,Duda,272,1282,0.2122
duncs001,Shelley,Duncan,168,834,0.2014
dunna001,Adam,Dunn,436,2400,0.1817
dysoj001,Jarrod,Dyson,152,687,0.2213
eatoa002,Adam,Eaton,85,380,0.2237
ecksd001,David,Eckstein,118,492,0.2398
edmoj001,Jim,Edmonds,68,272,0.2500
ellia001,A.J.,Ellis,270,1220,0.2213
ellim001,Mark,Ellis,480,1999,0.2401
ellsj001,Jacoby,Ellsbury,503,1846,0.2725
elmoj001,Jake,Elmore,42,209,0.2010
encae001,Edwin,Encarnacion,508,2162,0.2350
escoa003,Alcides,Escobar,577,2440,0.2365
escoe001,Eduardo,Escobar,69,332,0.2078
escoy001,Yunel,Escobar,555,2362,0.2350
espid001,Danny,Espinosa,330,1614,0.2045
estrm001,Marco,Estrada,14,102,0.1373
ethia001,Andre,Ethier,585,2333,0.2508
evann001,Nick,Evans,56,231,0.2424
evera001,Adam,Everett,28,156,0.1795
fedet001,Tim,Federowicz,40,193,0.2073
felij002,Jesus,Feliciano,25,119,0.2101
felip001,Pedro,Feliz,89,429,0.2075
fielp001,Prince,Fielder,704,2955,0.2382
figgc001,Chone,Figgins,240,1209,0.1985
flahr001,Ryan,Flaherty,91,449,0.2027
florj002,Jesus,Flores,77,387,0.1990
florp001,Pedro,Florimon,120,606,0.1980
florw001,Wilmer,Flores,20,101,0.1980
flowt001,Tyler,Flowers,103,572,0.1801
fontm001,Mike,Fontenot,149,633,0.2354
forsl001,Logan,Forsythe,165,762,0.2165
fowld001,Dexter,Fowler,487,2090,0.2330
fox-j001,Jake,Fox,58,278,0.2086
franb001,Ben,Francisco,162,756,0.2143
franj004,Jeff,Francoeur,469,2043,0.2296
franj005,Juan,Francisco,163,747,0.2182
frank001,Kevin,Frandsen,165,661,0.2496
frann001,Nick,Franklin,83,412,0.2015
frazt001,Todd,Frazier,267,1197,0.2231
freed001,David,Freese,486,1906,0.2550
freef001,Freddie,Freeman,489,1930,0.2534
frein001,Nate,Freiman,52,208,0.2500
fukuk001,Kosuke,Fukudome,240,1083,0.2216
fulds001,Sam,Fuld,138,688,0.2006
furcr001,Rafael,Furcal,333,1413,0.2357
gally001,Yovani,Gallardo,54,296,0.1824
galvf001,Freddy,Galvis,91,422,0.2156
gamem001,Mat,Gamel,23,119,0.1933
garca003,Avisail,Garcia,90,332,0.2711
garcj004,Jaime,Garcia,26,205,0.1268
garcl004,Leury,Garcia,20,111,0.1802
gardb001,Brett,Gardner,433,1862,0.2325
garlj001,Jon,Garland,15,106,0.1415
garzm001,Matt,Garza,12,129,0.0930
gatte001,Evan,Gattis,91,398,0.2286
gee-d001,Dillon,Gee,19,175,0.1086
genns001,Scooter,Gennett,69,230,0.3000
gentc001,Craig,Gentry,190,764,0.2487
getzc001,Chris,Getz,248,1124,0.2206
giamj001,Jason,Giambi,131,703,0.1863
giavj001,Johnny,Giavotella,96,424,0.2264
gibbj002,Jay,Gibbons,35,142,0.2465
gillc001,Conor,Gillaspie,108,493,0.2191
gillc002,Cole,Gillespie,38,189,0.2011
gimec001,Chris,Gimenez,50,250,0.2000
gindc001,Caleb,Gindl,32,155,0.2065
glaut001,Troy,Glaus,99,487,0.2033
gloar001,Ross,Gload,66,264,0.2500
goinr001,Ryan,Goins,30,121,0.2479
goldp001,Paul,Goldschmidt,375,1493,0.2512
gomec002,Carlos,Gomez,389,1635,0.2379
gomej001,Jonny,Gomes,358,1697,0.2110
gomem001,Mauro,Gomez,28,111,0.2523
gomey001,Yan,Gomes,108,437,0.2471
gonza002,Alex,Gonzalez,329,1455,0.2261
gonza003,Adrian,Gonzalez,760,2774,0.2740
gonza005,Alberto,Gonzalez,123,581,0.2117
gonzc001,Carlos,Gonzalez,614,2193,0.2800
gonzg003,Gio,Gonzalez,11,154,0.0714
gonzm002,Marwin,Gonzalez,93,441,0.2109
gorda001,Alex,Gordon,594,2392,0.2483
gordd002,Dee,Gordon,159,669,0.2377
gorzt001,Tom,Gorzelanny,11,103,0.1068
gosea001,Anthony,Gose,75,342,0.2193
granc001,Curtis,Granderson,473,2243,0.2109
grany001,Yasmani,Grandal,76,334,0.2275
greeg002,Grant,Green,35,153,0.2288
green001,Nick,Green,20,112,0.1786
greet004,Tyler,Greene,127,630,0.2016
greet005,Taylor,Green,29,156,0.1859
gregd001,Didi,Gregorius,96,425,0.2259
greiz001,Zack,Greinke,36,190,0.1895
grifk002,Ken,Griffey,18,108,0.1667
grosg002,Gabe,Gross,53,244,0.2172
grosr001,Robbie,Grossman,69,288,0.2396
grudm001,Mark,Grudzielanek,30,119,0.2521
guerv001,Vladimir,Guerrero,354,1295,0.2734
guilc001,Carlos,Guillen,91,377,0.2414
guilj001,Jose,Guillen,135,577,0.2340
gutif001,Franklin,Gutierrez,286,1286,0.2224
guzmc001,Cristian,Guzman,97,396,0.2449
guzmj005,Jesus,Guzman,213,910,0.2341
gwynt002,Tony,Gwynn,199,956,0.2082
gyorj001,Jedd,Gyorko,121,525,0.2305
hafnt001,Travis,Hafner,304,1392,0.2184
hairj002,Jerry,Hairston,319,1390,0.2295
hairs001,Scott,Hairston,222,1053,0.2108
hallb001,Bill,Hall,126,595,0.2118
hallr001,Roy,Halladay,34,277,0.1227
halmg001,Greg,Halman,24,121,0.1983
halts002,Sean,Halton,24,111,0.2162
hamec001,Cole,Hamels,46,308,0.1494
hamij003,Josh,Hamilton,665,2530,0.2628
hammj002,Jason,Hammel,13,135,0.0963
hanir001,Ryan,Hanigan,266,1201,0.2215
hannj001,Jack,Hannahan,180,846,0.2128
hanst001,Tommy,Hanson,9,180,0.0500
happj001,J.A.,Happ,10,123,0.0813
haraa001,Aaron,Harang,16,176,0.0909
hardj003,J.J.,Hardy,555,2337,0.2375
hared001,Dan,Haren,29,123,0.2358
harpb003,Bryce,Harper,263,1117,0.2355
harrb001,Brendan,Harris,39,237,0.1646
harrj002,Josh,Harrison,133,575,0.2313
harrw001,Willie,Harris,105,593,0.1771
hartc001,Corey,Hart,460,1831,0.2512
hawpb001,Brad,Hawpe,123,594,0.2071
hayeb001,Brett,Hayes,74,363,0.2039
headc001,Chase,Headley,574,2412,0.2380
hecha001,Adeiny,Hechavarria,155,715,0.2168
heisc001,Chris,Heisey,267,1159,0.2304
helmw001,Wes,Helms,77,412,0.1869
heltt001,Todd,Helton,385,1689,0.2279
hermj001,Jeremy,Hermida,65,332,0.1958
herna003,Anderson,Hernandez,24,119,0.2017
hernc005,Cesar,Hernandez,35,131,0.2672
herng001,Gorkys,Hernandez,30,173,0.1734
hernl003,Livan,Hernandez,19,137,0.1387
hernr002,Ramon,Hernandez,228,938,0.2431
herrc001,Chris,Herrmann,33,197,0.1675
herre001,Elian,Herrera,49,222,0.2207
herrj002,Jonathan,Herrera,247,1043,0.2368
hestj001,John,Hester,38,202,0.1881
heywj001,Jason,Heyward,495,2210,0.2240
hicka001,Aaron,Hicks,54,313,0.1725
hilla001,Aaron,Hill,520,2204,0.2359
hillk002,Koyie,Hill,88,484,0.1818
hinse001,Eric,Hinske,163,794,0.2053
hoesl001,L.J.,Hoes,48,185,0.2595
hollm001,Matt,Holliday,694,2668,0.2601
holtb002,Brock,Holt,31,144,0.2153
hosme001,Eric,Hosmer,465,1841,0.2526
howar001,Ryan,Howard,438,1932,0.2267
hudsd001,Daniel,Hudson,24,128,0.1875
hudso001,Orlando,Hudson,288,1307,0.2204
hudst001,Tim,Hudson,42,282,0.1489
huffa001,Aubrey,Huff,324,1415,0.2290
hughl001,Luke,Hughes,69,348,0.1983
hundn001,Nick,Hundley,268,1248,0.2147
huntt001,Torii,Hunter,673,2579,0.2610
iannc001,Chris,Iannetta,245,1301,0.1883
ibanr001,Raul,Ibanez,504,2206,0.2285
iglej001,Jose,Iglesias,122,496,0.2460
infao001,Omar,Infante,634,2325,0.2727
ingeb001,Brandon,Inge,272,1351,0.2013
inglj001,Joe,Inglett,42,187,0.2246
ishit001,Travis,Ishikawa,85,380,0.2237
iwama001,Akinori,Iwamura,34,229,0.1485
iztuc001,Cesar,Izturis,182,861,0.2114
iztum001,Maicer,Izturis,337,1450,0.2324
jacka001,Austin,Jackson,672,2729,0.2462
jackb002,Brett,Jackson,21,142,0.1479
jackc002,Conor,Jackson,135,631,0.2139
jacke001,Edwin,Jackson,32,207,0.1546
janip001,Paul,Janish,162,827,0.1959
jaraj001,Jason,Jaramillo,27,142,0.1901
jasoj001,John,Jaso,284,1302,0.2181
jay-j001,Jon,Jay,537,2139,0.2511
jennd002,Desmond,Jennings,335,1514,0.2213
jeted001,Derek,Jeter,594,2256,0.2633
jimel002,Luis,Jimenez,27,110,0.2455
jimeu001,Ubaldo,Jimenez,12,135,0.0889
johnc003,Chris,Johnson,509,1858,0.2740
johnd004,Dan,Johnson,42,279,0.1505
johne002,Elliot,Johnson,157,802,0.1958
johnj009,Josh,Johnson,13,151,0.0861
johnk003,Kelly,Johnson,488,2275,0.2145
johnn001,Nick,Johnson,30,200,0.1500
johnr008,Reed,Johnson,238,908,0.2621
johnr009,Rob,Johnson,87,504,0.1726
jonea002,Andruw,Jones,157,820,0.1915
jonea003,Adam,Jones,698,2652,0.2632
jonec004,Chipper,Jones,321,1346,0.2385
joneg002,Garrett,Jones,473,2089,0.2264
joycm001,Matthew,Joyce,378,1759,0.2149
jurrj001,Jair,Jurrjens,11,118,0.0932
kaaik001,Kila,Ka'aihue,85,441,0.1927
kalir001,Ryan,Kalish,63,282,0.2234
kaplg001,Gabe,Kapler,26,140,0.1857
karsj001,Jeff,Karstens,10,125,0.0800
kawam001,Munenori,Kawasaki,75,404,0.1856
keara001,Austin,Kearns,177,841,0.2105
kelld001,Don,Kelly,198,946,0.2093
kempm001,Matt,Kemp,538,2096,0.2567
kendh001,Howard,Kendrick,625,2348,0.2662
kendj001,Jason,Kendall,111,490,0.2265
kendk001,Kyle,Kendrick,22,201,0.1095
kenna001,Adam,Kennedy,218,1000,0.2180
kenni001,Ian,Kennedy,31,283,0.1095
keppj001,Jeff,Keppinger,485,1844,0.2630
kersc001,Clayton,Kershaw,46,335,0.1373
kinsi001,Ian,Kinsler,627,2676,0.2343
kipnj001,Jason,Kipnis,349,1484,0.2352
konep001,Paul,Konerko,607,2388,0.2542
kotcc001,Casey,Kotchman,353,1557,0.2267
kotsm001,Mark,Kotsay,209,956,0.2186
kottg001,George,Kottaras,125,722,0.1731
kouzk001,Kevin,Kouzmanoff,191,843,0.2266
kozmp001,Peter,Kozma,130,644,0.2019
krate001,Erik,Kratz,83,417,0.1990
kraum001,Marc,Krauss,28,146,0.1918
kubej002,Jason,Kubel,413,1855,0.2226
kuroh001,Hiroki,Kuroda,9,147,0.0612
lagaj001,Juan,Lagares,95,421,0.2257
lahab001,Bryan,LaHair,105,449,0.2339
lairb001,Brandon,Laird,25,138,0.1812
lairg001,Gerald,Laird,162,762,0.2126
lakej001,Junior,Lake,67,254,0.2638
langr002,Ryan,Langerhans,33,211,0.1564
lannj001,John,Lannan,14,151,0.0927
lapom001,Matt,LaPorta,184,870,0.2115
laroa001,Adam,LaRoche,451,2050,0.2200
laroa002,Andy,LaRoche,74,379,0.1953
latom001,Mat,Latos,31,286,0.1084
lavar001,Ryan,Lavarnway,56,291,0.1924
lawrb002,Brett,Lawrie,281,1149,0.2446
leakm001,Mike,Leake,58,266,0.2180
leblw001,Wade,LeBlanc,24,104,0.2308
lee-c001,Carlos,Lee,455,1917,0.2374
lee-c003,Cliff,Lee,37,232,0.1595
lee-d002,Derrek,Lee,260,1120,0.2321
lemad001,DJ,LeMahieu,196,743,0.2638
lewif001,Fred,Lewis,157,715,0.2196
lidda001,Alex,Liddi,36,188,0.1915
lillb001,Brent,Lillibridge,114,587,0.1942
lillt001,Ted,Lilly,8,150,0.0533
linct001,Tim,Lincecum,22,298,0.0738
linda001,Adam,Lind,476,2029,0.2346
lobaj001,Jose,Lobaton,112,554,0.2022
lohsk001,Kyle,Lohse,31,268,0.1157
lombs002,Steve,Lombardozzi,187,758,0.2467
lonej001,James,Loney,588,2312,0.2543
longe001,Evan,Longoria,541,2299,0.2353
lopef001,Felipe,Lopez,120,594,0.2020
lopej003,Jose,Lopez,250,1112,0.2248
loper001,Rodrigo,Lopez,7,105,0.0667
lougd001,David,Lough,104,400,0.2600
lowed001,Derek,Lowe,19,142,0.1338
lowem001,Mike,Lowell,52,244,0.2131
lowrj001,Jed,Lowrie,388,1609,0.2411
lucae001,Ed,Lucas,90,384,0.2344
lucrj001,Jonathan,Lucroy,439,1723,0.2548
ludwr001,Ryan,Ludwick,395,1749,0.2258
lugoj001,Julio,Lugo,66,312,0.2115
lynnl001,Lance,Lynn,7,147,0.0476
machm001,Manny,Machado,242,935,0.2588
mahop002,Paul,Maholm,21,243,0.0864
maiem001,Mitch,Maier,131,608,0.2155
maldm001,Martin,Maldonado,93,459,0.2026
manzt001,Tommy,Manzella,58,282,0.2057
marcs001,Shaun,Marcum,17,156,0.1090
marij002,Jake,Marisnick,20,118,0.1695
markn001,Nick,Markakis,666,2596,0.2565
marqj001,Jason,Marquis,25,152,0.1645
marrc001,Chris,Marrero,29,133,0.2180
marsl001,Lou,Marson,151,806,0.1873
marta004,Andy,Marte,39,188,0.2074
martf002,Fernando,Martinez,42,210,0.2000
martj006,J.D.,Martinez,226,975,0.2318
martl004,Leonys,Martin,130,568,0.2289
martm003,Michael,Martinez,68,396,0.1717
martr004,Russell,Martin,382,1931,0.1978
marts002,Starling,Marte,189,774,0.2442
martv001,Victor,Martinez,536,1891,0.2834
mastd002,Darin,Mastroianni,53,262,0.2023
mathj001,Jeff,Mathis,171,982,0.1741
mathj002,Joe,Mather,76,390,0.1949
matsh001,Hideki,Matsui,276,1246,0.2215
mauej001,Joe,Mauer,573,2079,0.2756
maxwj002,Justin,Maxwell,146,745,0.1960
maybc001,Cameron,Maybin,335,1507,0.2223
maybj001,John,Mayberry,265,1176,0.2253
mccab002,Brian,McCann,453,2015,0.2248
mccom001,Mike,McCoy,64,374,0.1711
mccua001,Andrew,McCutchen,697,2704,0.2578
mcdod002,Darnell,McDonald,157,698,0.2249
mcdoj003,John,McDonald,147,700,0.2100
mcdoj004,James,McDonald,16,161,0.0994
mcgec001,Casey,McGehee,366,1628,0.2248
mckem001,Michael,McKenry,121,607,0.1993
mclon001,Nate,McLouth,317,1530,0.2072
medlk001,Kris,Medlen,18,142,0.1268
mercj002,Jordy,Mercer,110,442,0.2489
mesod001,Devin,Mesoraco,121,590,0.2051
michj001,Jason,Michaels,78,372,0.2097
middw001,Will,Middlebrooks,160,688,0.2326
milea001,Aaron,Miles,164,641,0.2559
milew001,Wade,Miley,20,160,0.1250
millb002,Brad,Miller,81,335,0.2418
millc001,Corky,Miller,27,120,0.2250
milll002,Lastings,Milledge,106,416,0.2548
minom001,Mike,Minor,17,176,0.0966
miraj001,Juan,Miranda,51,273,0.1868
mitcr001,Russ,Mitchell,14,101,0.1386
molib001,Bengie,Molina,106,460,0.2304
molij001,Jose,Molina,211,970,0.2175
moliy001,Yadier,Molina,637,2342,0.2720
montj003,Jesus,Montero,177,734,0.2411
montl001,Luis,Montanez,20,115,0.1739
montm001,Miguel,Montero,458,1954,0.2344
moora001,Adam,Moore,46,247,0.1862
moors001,Scott,Moore,70,324,0.2160
moort002,Tyler,Moore,79,350,0.2257
moraj002,Jose,Morales,23,115,0.2000
morak001,Kendry,Morales,355,1390,0.2554
morak001,Kendrys,Morales,355,1390,0.2554
moram002,Melvin,Mora,119,489,0.2434
moreb001,Brent,Morel,141,669,0.2108
morem001,Mitch,Moreland,373,1644,0.2269
morgn001,Nyjer,Morgan,318,1360,0.2338
mornj001,Justin,Morneau,452,1866,0.2422
morrl001,Logan,Morrison,322,1479,0.2177
morsm001,Mike,Morse,425,1654,0.2570
morsm001,Michael,Morse,425,1654,0.2570
mortc002,Charlie,Morton,10,146,0.0685
mossb001,Brandon,Moss,199,873,0.2279
mousm001,Mike,Moustakas,335,1493,0.2244
murpd004,Donnie,Murphy,94,438,0.2146
murpd005,David,Murphy,486,1991,0.2441
murpd006,Daniel,Murphy,479,1732,0.2766
myerb001,Brett,Myers,21,147,0.1429
myerw001,Wil,Myers,100,394,0.2538
nadyx001,Xavier,Nady,160,742,0.2156
napom001,Mike,Napoli,464,2063,0.2249
narvc001,Chris,Narveson,24,122,0.1967
navad001,Dioner,Navarro,151,688,0.2195
navad002,Daniel,Nava,248,1069,0.2320
navay001,Yamaico,Navarro,37,199,0.1859
nelsc001,Chris,Nelson,204,820,0.2488
nickm001,Mike,Nickeas,31,191,0.1623
niesj001,Jonathon,Niese,33,239,0.1381
niesj001,Jon,Niese,33,239,0.1381
nieuk001,Kirk,Nieuwenhuis,89,422,0.2109
nievw001,Wil,Nieves,122,521,0.2342
nisht001,Tsuyoshi,Nishioka,50,254,0.1969
nix-j001,Jayson,Nix,205,1028,0.1994
nix-l001,Laynce,Nix,180,799,0.2253
nolar001,Ricky,Nolasco,28,261,0.1073
noonn001,Nick,Noonan,23,111,0.2072
norrb001,Bud,Norris,22,189,0.1164
norrd001,Derek,Norris,108,553,0.1953
nunee002,Eduardo,Nunez,204,839,0.2431
oeltt001,Trent,Oeltjen,19,121,0.1570
olivm001,Miguel,Olivo,298,1337,0.2229
ordom001,Magglio,Ordonez,187,737,0.2537
orr-p001,Pete,Orr,42,183,0.2295
ortid001,David,Ortiz,583,2262,0.2577
oswar001,Roy,Oswalt,14,134,0.1045
overl001,Lyle,Overbay,359,1669,0.2151
ozunm001,Marcell,Ozuna,73,291,0.2509
pachj001,Jordan,Pacheco,230,855,0.2690
pagaa001,Angel,Pagan,559,2203,0.2537
pagnm001,Matt,Pagnozzi,25,100,0.2500
parej002,Jimmy,Paredes,86,396,0.2172
parmc001,Chris,Parmelee,138,631,0.2187
parra001,Andy,Parrino,36,229,0.1572
parrg001,Gerardo,Parra,492,1998,0.2462
pastt001,Tyler,Pastornicky,50,221,0.2262
pattc001,Corey,Patterson,171,738,0.2317
patte001,Eric,Patterson,56,308,0.1818
paulr001,Ronny,Paulino,159,656,0.2424
paulx001,Xavier,Paul,169,733,0.2306
pears001,Steve,Pearce,96,469,0.2047
pedrd001,Dustin,Pedroia,653,2499,0.2613
peguc001,Carlos,Peguero,40,219,0.1826
pelfm001,Mike,Pelfrey,14,141,0.0993
penab002,Brayan,Pena,214,886,0.2415
penac001,Carlos,Pena,366,2133,0.1716
penar002,Ramiro,Pena,67,324,0.2068
penaw001,"Wily Mo",Pena,23,120,0.1917
pench001,Hunter,Pence,714,2787,0.2562
pennc001,Cliff,Pennington,422,1924,0.2193
peraj001,Jhonny,Peralta,578,2355,0.2454
peres002,Salvador,Perez,281,989,0.2841
peteb001,Bryan,Petersen,103,539,0.1911
phegj001,Josh,Phegley,42,213,0.1972
phelc001,Cord,Phelps,18,123,0.1463
philb001,Brandon,Phillips,689,2692,0.2559
pie-f001,Felix,Pie,119,514,0.2315
piera001,A.J.,Pierzynski,531,2052,0.2588
pierj002,Juan,Pierre,554,2214,0.2502
pillb001,Brett,Pill,56,259,0.2162
pillk001,Kevin,Pillar,21,110,0.1909
plout001,Trevor,Plouffe,294,1351,0.2176
podss001,Scott,Podsednik,220,811,0.2713
polap001,Placido,Polanco,479,1922,0.2492
polla001,A.J.,Pollock,139,575,0.2417
posaj001,Jorge,Posada,190,889,0.2137
poseb001,Buster,Posey,530,1966,0.2696
powel001,Landon,Powell,43,251,0.1713
pradm001,Martin,Prado,686,2600,0.2638
presa001,Alex,Presley,203,821,0.2473
pridj001,Jason,Pridie,53,256,0.2070
profj001,Jurickson,Profar,71,342,0.2076
puigy001,Yasiel,Puig,135,473,0.2854
pujoa001,Albert,Pujols,654,2546,0.2569
puntn001,Nick,Punto,215,1030,0.2087
quenc001,Carlos,Quentin,367,1670,0.2198
quinh001,Humberto,Quintero,188,832,0.2260
quino001,Omar,Quintanilla,112,572,0.1958
quirg001,Guillermo,Quiroz,18,104,0.1731
rabur001,Ryan,Raburn,313,1363,0.2296
ramia001,Aramis,Ramirez,542,2114,0.2564
ramia003,Alexei,Ramirez,668,2605,0.2564
ramih003,Hanley,Ramirez,515,2044,0.2520
ramim002,Manny,Ramirez,80,337,0.2374
ramiw001,Wilkin,Ramirez,28,117,0.2393
ramow001,Wilson,Ramos,226,916,0.2467
ransc001,Cody,Ransom,99,558,0.1774
rasmc001,Colby,Rasmus,475,2143,0.2217
recka001,Anthony,Recker,39,230,0.1696
reddj001,Josh,Reddick,324,1492,0.2172
reimn001,Nolan,Reimold,136,645,0.2109
renda001,Anthony,Rendon,93,394,0.2360
rente001,Edgar,Renteria,152,637,0.2386
repkj001,Jason,Repko,60,301,0.1993
reveb001,Ben,Revere,371,1400,0.2650
reyej001,Jose,Reyes,637,2324,0.2741
reynm001,Mark,Reynolds,419,2283,0.1835
rhymw001,Will,Rhymes,106,449,0.2361
richc002,Clayton,Richard,21,198,0.1061
riosa002,Alex,Rios,638,2489,0.2563
rivej001,Juan,Rivera,301,1315,0.2289
river003,Rene,Rivera,32,185,0.1730
rizza001,Anthony,Rizzo,255,1211,0.2106
robeb003,Brian,Roberts,178,809,0.2200
rober002,Ryan,Roberts,283,1307,0.2165
robid002,Derrick,Robinson,49,216,0.2269
robis001,Shane,Robinson,83,385,0.2156
robit001,Trayvon,Robinson,62,319,0.1944
rodra001,Alex,Rodriguez,420,1821,0.2306
rodri001,Ivan,Rodriguez,133,558,0.2384
rodrl002,Luis,Rodriguez,23,139,0.1655
rodrs002,Sean,Rodriguez,286,1408,0.2031
rodrw002,Wandy,Rodriguez,29,237,0.1224
roles001,Scott,Rolen,272,1164,0.2337
rollj001,Jimmy,Rollins,562,2449,0.2295
romia001,Andrew,Romine,38,174,0.2184
romia002,Austin,Romine,31,168,0.1845
rosaa001,Adam,Rosales,125,624,0.2003
rosaw001,Wilin,Rosario,249,949,0.2624
rossc001,Cody,Ross,468,1968,0.2378
rossd001,David,Ross,151,659,0.2291
rowaa001,Aaron,Rowand,156,719,0.2170
ruf-d001,Darin,Ruf,73,330,0.2212
ruggj001,Justin,Ruggiano,210,903,0.2326
ruizc001,Carlos,Ruiz,438,1720,0.2547
rutlj001,Josh,Rutledge,143,605,0.2364
ryalr001,Rusty,Ryal,54,222,0.2432
ryanb002,Brendan,Ryan,348,1799,0.1934
salao001,Oscar,Salazar,31,148,0.2095
saltj001,Jarrod,Saltalamacchia,300,1369,0.2191
samaj001,Jeff,Samardzija,13,145,0.0897
sanca004,Anibal,Sanchez,16,181,0.0884
sanca005,Angel,Sanchez,139,602,0.2309
sancf001,Freddy,Sanchez,211,807,0.2615
sancg001,Gaby,Sanchez,440,1952,0.2254
sanch002,Hector,Sanchez,102,414,0.2464
sancj002,Jonathan,Sanchez,15,114,0.1316
sandj002,Jerry,Sands,54,251,0.2151
sandp001,Pablo,Sandoval,570,2197,0.2594
santc002,Carlos,Santana,446,2105,0.2119
santj003,Johan,Santana,14,107,0.1308
santr002,Ramon,Santiago,255,1195,0.2134
sappd001,Dave,Sappelt,63,274,0.2299
satij001,Josh,Satin,58,249,0.2329
saunj001,Joe,Saunders,17,148,0.1149
saunm001,Michael,Saunders,306,1527,0.2004
schaj002,Jordan,Schafer,196,963,0.2035
schal001,Logan,Schafer,71,367,0.1935
schin001,Nate,Schierholtz,328,1399,0.2345
schnb001,Brian,Schneider,72,384,0.1875
schus001,Skip,Schumaker,400,1641,0.2438
scotl001,Luke,Scott,306,1388,0.2205
scutm001,Marco,Scutaro,648,2440,0.2656
seagk001,Kyle,Seager,361,1547,0.2334
seguj002,Jean,Segura,212,789,0.2687
sellj002,Justin,Sellers,47,266,0.1767
shopk001,Kelly,Shoppach,146,833,0.1753
shucj001,J.B.,Shuck,150,570,0.2632
sierm001,Moises,Sierra,64,279,0.2294
simma001,Andrelton,Simmons,202,859,0.2352
sizeg001,Grady,Sizemore,87,435,0.2000
sizes001,Scott,Sizemore,123,598,0.2057
smits002,Seth,Smith,415,1818,0.2283
smoaj001,Justin,Smoak,389,1942,0.2003
snidt001,Travis,Snider,215,992,0.2167
snydb003,Brandon,Snyder,36,158,0.2278
snydc002,Chris,Snyder,133,777,0.1712
sogae001,Eric,Sogard,132,612,0.2157
solad001,Donovan,Solano,174,711,0.2447
soria001,Alfonso,Soriano,539,2297,0.2347
sotog001,Geovany,Soto,290,1408,0.2060
spand001,Denard,Span,561,2259,0.2483
spilr001,Ryan,Spilborghs,137,611,0.2242
staim001,Matt,Stairs,33,185,0.1784
stanm004,Mike,Stanton,464,2003,0.2317
stanm004,Giancarlo,Stanton,464,2003,0.2317
stavn001,Nick,Stavinoha,31,126,0.2460
stewc001,Chris,Stewart,129,680,0.1897
stewi001,Ian,Stewart,154,779,0.1977
stras001,Stephen,Strasburg,21,144,0.1458
stubd001,Drew,Stubbs,488,2319,0.2104
stule002,Eric,Stults,18,105,0.1714
suttd002,Drew,Sutton,58,232,0.2500
suzui001,Ichiro,Suzuki,723,2714,0.2664
suzuk001,Kurt,Suzuki,395,1836,0.2151
sweem002,Mike,Sweeney,39,169,0.2308
sweer001,Ryan,Sweeney,263,1061,0.2479
swisn001,Nick,Swisher,596,2623,0.2272
tabaj002,Jose,Tabata,378,1542,0.2451
tatuc001,Craig,Tatum,49,222,0.2207
teagt001,Taylor,Teagarden,38,247,0.1538
teahm001,Mark,Teahen,92,439,0.2096
teixm001,Mark,Teixeira,437,2075,0.2106
tejam001,Miguel,Tejada,293,1191,0.2460
tejar001,Ruben,Tejada,315,1359,0.2318
thame001,Eric,Thames,158,684,0.2310
thamm001,Marcus,Thames,78,332,0.2349
therr001,Ryan,Theriot,384,1553,0.2473
tholj001,Josh,Thole,243,1102,0.2205
thomc002,Clete,Thomas,66,351,0.1880
thomj002,Jim,Thome,193,879,0.2196
tolbm001,Matt,Tolbert,61,326,0.1871
tolls001,Steven,Tolleson,27,129,0.2093
torra001,Andres,Torres,383,1765,0.2170
torry001,Yorvit,Torrealba,289,1214,0.2381
tosor001,Rene,Tosoni,35,189,0.1852
towlj001,J.R.,Towles,36,216,0.1667
tracc001,Chad,Tracy,87,405,0.2148
tream001,Matt,Treanor,112,650,0.1723
troum001,Mike,Trout,399,1490,0.2678
trumm001,Mark,Trumbo,429,1853,0.2315
tuiam001,Matt,Tuiasosopo,62,330,0.1879
tulot001,Troy,Tulowitzki,501,1850,0.2708
turnj001,Justin,Turner,216,904,0.2389
uggld001,Dan,Uggla,504,2518,0.2002
uptob001,B.J.,Upton,484,2371,0.2041
uptoj001,Justin,Upton,614,2557,0.2401
uribj002,Juan,Uribe,339,1566,0.2165
utlec001,Chase,Utley,446,1919,0.2324
valac001,Chris,Valaika,31,137,0.2263
valbl001,Luis,Valbuena,192,1048,0.1832
valdj002,Jordany,Valdespin,71,350,0.2029
valdw001,Wilson,Valdez,195,875,0.2229
valed001,Danny,Valencia,312,1272,0.2453
vanss001,Scott,"Van Slyke",40,209,0.1914
varij001,Jason,Varitek,75,373,0.2011
velee001,Eugenio,Velez,9,106,0.0849
venaw001,Will,Venable,426,1841,0.2314
vicid001,Dayan,Viciedo,304,1235,0.2462
victs001,Shane,Victorino,614,2554,0.2404
villj001,Jonathan,Villar,51,241,0.2116
vittj001,Josh,Vitters,12,109,0.1101
vizqo001,Omar,Vizquel,173,736,0.2351
voger001,Ryan,Vogelsong,20,170,0.1176
vogts001,Stephen,Vogt,37,192,0.1927
volqe001,Edinson,Volquez,14,169,0.0828
volsc001,Chris,Volstad,19,149,0.1275
vottj001,Joey,Votto,673,2605,0.2583
waina001,Adam,Wainwright,37,266,0.1391
walkn001,Neil,Walker,543,2238,0.2426
wallb001,Brett,Wallace,235,1077,0.2182
weekj001,Jemile,Weeks,222,957,0.2320
weekr001,Rickie,Weeks,511,2390,0.2138
wellc001,Casper,Wells,158,758,0.2084
wellr001,Randy,Wells,16,117,0.1368
wellv001,Vernon,Wells,426,1895,0.2248
wertj001,Jayson,Werth,542,2238,0.2422
westj001,Jake,Westbrook,20,189,0.1058
wheer001,Ryan,Wheeler,35,161,0.2174
white004,Eli,Whiteside,73,391,0.1867
wietm001,Matt,Wieters,499,2251,0.2217
wiggt001,Ty,Wigginton,324,1518,0.2134
willj004,Josh,Willingham,435,2100,0.2071
willr004,Reggie,Willits,42,210,0.2000
wilsb002,Bobby,Wilson,79,434,0.1820
wilsj002,Jack,Wilson,112,520,0.2154
wilsj003,Josh,Wilson,113,545,0.2073
winnr001,Randy,Winn,49,233,0.2103
wised001,Dewayne,Wise,121,527,0.2296
wolfr001,Randy,Wolf,36,199,0.1809
woodb003,Brandon,Wood,87,515,0.1689
woodt004,Travis,Wood,33,200,0.1650
wortd001,Danny,Worth,53,247,0.2146
wrigd002,David,Wright,575,2279,0.2523
yelic001,Christian,Yelich,69,273,0.2527
youkk001,Kevin,Youkilis,348,1579,0.2204
younc004,Chris,Young,433,2081,0.2081
yound003,Delmon,Young,567,2199,0.2578
yound004,Delwyn,Young,45,207,0.2174
youne003,Eric,Young,280,1212,0.2310
younm003,Michael,Young,749,2780,0.2694
zambc001,Carlos,Zambrano,32,141,0.2270
zaung001,Gregg,Zaun,27,117,0.2308
zimmj003,Jordan,Zimmermann,31,206,0.1505
zimmr001,Ryan,Zimmerman,602,2339,0.2574
zitob001,Barry,Zito,17,198,0.0859
zobrb001,Ben,Zobrist,619,2755,0.2247
zunim001,Mike,Zunino,37,193,0.1917
abadf001,Fernando,Abad,1,8,NULL
adamr003,Ryan,Adams,25,96,NULL
adcon001,Nathan,Adcock,NULL,1,NULL
adduj002,Jim,Adduci,8,34,NULL
adrie001,Ehire,Adrianza,4,20,NULL
affej001,Jeremy,Affeldt,NULL,4,NULL
aldrc001,Cory,Aldridge,1,13,NULL
almoa001,Abraham,Almonte,19,82,NULL
almoe001,Erick,Almonte,3,29,NULL
alvah001,Henderson,Alvarez,9,36,NULL
alvaj003,Jose,Alvarez,NULL,2,NULL
ameza001,Alfredo,Amezaga,14,87,NULL
andeb004,Brett,Anderson,NULL,1,NULL
andeb005,Bryan,Anderson,13,68,NULL
andel002,Lars,Anderson,8,56,NULL
anglm001,Matt,Angle,14,95,NULL
archc001,Chris,Archer,NULL,5,NULL
arrej001,Jose,Arredondo,1,2,NULL
arrij001,Jake,Arrieta,3,32,NULL
atill001,Luis,Atilano,1,27,NULL
atkim001,Mitch,Atkins,NULL,2,NULL
augeb001,Bryan,Augenstein,1,1,NULL
ausmb001,Brad,Ausmus,14,71,NULL
avill001,Luis,Avilan,1,4,NULL
axeld001,Dylan,Axelrod,1,2,NULL
axfoj001,John,Axford,NULL,1,NULL
badeb001,Burke,Badenhop,2,11,NULL
baezd001,Danys,Baez,NULL,2,NULL
bakes002,Scott,Baker,2,13,NULL
baldr001,Rocco,Baldelli,5,28,NULL
balec001,Collin,Balester,NULL,5,NULL
balfg001,Grant,Balfour,NULL,1,NULL
bannb001,Brian,Bannister,1,6,NULL
bantb001,Brandon,Bantz,NULL,2,NULL
bardb001,Brian,Barden,5,32,NULL
bardd001,Daniel,Bard,NULL,2,NULL
bassa001,Anthony,Bass,4,39,NULL
bassb001,Brian,Bass,NULL,1,NULL
batim001,Miguel,Batista,1,24,NULL
bauet001,Trevor,Bauer,NULL,6,NULL
bautd002,Denny,Bautista,1,1,NULL
beacb001,Brandon,Beachy,10,99,NULL
beavb001,Blake,Beavan,NULL,3,NULL
beckj002,Josh,Beckett,2,39,NULL
beckt001,Tim,Beckham,3,8,NULL
bedae001,Erik,Bedard,5,53,NULL
beimj001,Joe,Beimel,NULL,2,NULL
belim001,Matt,Belisle,2,14,NULL
belir001,Ronald,Belisario,NULL,1,NULL
bellh001,Heath,Bell,NULL,1,NULL
bellt002,Trevor,Bell,NULL,1,NULL
belod001,Duane,Below,NULL,1,NULL
belte002,Engel,Beltre,10,42,NULL
bensj001,Joe,Benson,17,74,NULL
bensk001,Kris,Benson,1,6,NULL
bergb002,Brad,Bergesen,1,5,NULL
bergj002,Justin,Berg,NULL,2,NULL
berkj001,Jason,Berken,NULL,5,NULL
bernd001,Doug,Bernier,12,64,NULL
bethc001,Christian,Bethancourt,NULL,1,NULL
bettc001,Chad,Bettis,NULL,14,NULL
blacn001,Nick,Blackburn,NULL,5,NULL
blact001,Travis,Blackley,NULL,2,NULL
blalh001,Hank,Blalock,16,69,NULL
blevj001,Jerry,Blevins,NULL,1,NULL
bocob001,Brian,Bocock,NULL,5,NULL
bogax001,Xander,Bogaerts,19,84,NULL
boggb001,Brandon,Boggs,3,30,NULL
boggm001,Mitchell,Boggs,NULL,5,NULL
bondj001,Jeremy,Bonderman,NULL,4,NULL
boscj001,J.C.,Boscan,7,30,NULL
bowdm001,Michael,Bowden,NULL,2,NULL
boxbb001,Brad,Boxberger,NULL,3,NULL
boyeb001,Blaine,Boyer,NULL,2,NULL
bradd002,Dallas,Braden,NULL,2,NULL
bresc001,Craig,Breslow,NULL,3,NULL
britz001,Zach,Britton,5,8,NULL
britz001,Zachary,Britton,5,8,NULL
brotr001,Rex,Brothers,NULL,5,NULL
browb004,Barret,Browning,NULL,1,NULL
browc003,Corey,Brown,7,45,NULL
browd003,Dusty,Brown,6,42,NULL
buchc001,Clay,Buchholz,1,5,NULL
bucht001,Taylor,Buchholz,1,3,NULL
buckb002,Billy,Buckner,1,5,NULL
buddr001,Ryan,Budde,4,11,NULL
buehm001,Mark,Buehrle,4,83,NULL
buenj001,Jay,Buente,NULL,1,NULL
burgh001,Hiram,Burgos,1,10,NULL
burkg001,Greg,Burke,NULL,2,NULL
burnc001,Cory,Burns,NULL,1,NULL
burns001,Sean,Burnett,1,3,NULL
burrb001,Brian,Burres,3,30,NULL
bushd001,Dave,Bush,7,62,NULL
bussn001,Nick,Buss,2,20,NULL
butlj002,Joey,Butler,4,15,NULL
byrdt001,Tim,Byrdak,NULL,2,NULL
byrne001,Eric,Byrnes,3,38,NULL
cabre002,Edwar,Cabrera,NULL,1,NULL
camps002,Shawn,Camp,1,1,NULL
cancr001,Robinson,Cancel,NULL,7,NULL
cappm001,Matt,Capps,NULL,1,NULL
carda001,Adrian,Cardenas,11,67,NULL
carll001,Luke,Carlin,8,30,NULL
carmf001,Fausto,Carmona,NULL,12,NULL
carmf001,Roberto,Hernandez,NULL,12,NULL
carpa001,Drew,Carpenter,NULL,1,NULL
carpd001,David,Carpenter,1,6,NULL
carrb001,Brett,Carroll,15,95,NULL
carrc003,Carlos,Carrasco,NULL,7,NULL
carrd001,D.J.,Carrasco,NULL,7,NULL
carrj002,Joel,Carreno,NULL,1,NULL
carsr001,Robert,Carson,NULL,1,NULL
casha001,Andrew,Cashner,14,73,NULL
casta003,Alex,Castellanos,7,43,NULL
castn001,Nick,Castellanos,5,18,NULL
cataf001,Frank,Catalanotto,4,26,NULL
cecib001,Brett,Cecil,NULL,4,NULL
cedaj001,Jose,Ceda,NULL,2,NULL
cedex001,Xavier,Cedeno,NULL,1,NULL
centj001,Juan,Centeno,3,10,NULL
chacg001,Gustavo,Chacin,1,1,NULL
chapa001,Aroldis,Chapman,NULL,1,NULL
chatt001,Tyler,Chatwood,18,73,NULL
chavj001,Jesse,Chavez,NULL,5,NULL
chenb001,Bruce,Chen,3,11,NULL
chenw001,Wei-Yin,Chen,NULL,6,NULL
chicm001,Matt,Chico,NULL,2,NULL
chirr001,Robinson,Chirinos,17,90,NULL
choim001,Michael,Choice,5,19,NULL
cingt001,Tony,Cingrani,7,36,NULL
cishs001,Steve,Cishek,NULL,1,NULL
cisnj001,Jose,Cisnero,NULL,1,NULL
clarc001,Cody,Clark,4,40,NULL
cletm001,Maikel,Cleto,NULL,3,NULL
clevb001,Brent,Clevlen,1,4,NULL
clipt001,Tyler,Clippard,1,6,NULL
cloyt001,Tyler,Cloyd,3,36,NULL
cobba001,Alex,Cobb,NULL,3,NULL
cofft001,Todd,Coffey,NULL,1,NULL
cokep001,Phil,Coke,NULL,2,NULL
colec001,Casey,Coleman,7,55,NULL
coleg001,Gerrit,Cole,8,40,NULL
colel001,Louis,Coleman,NULL,1,NULL
collj001,Josh,Collmenter,9,85,NULL
collt001,Tim,Collins,NULL,1,NULL
coloa001,Alex,Colome,NULL,2,NULL
colob001,Bartolo,Colon,NULL,12,NULL
color001,Roman,Colon,NULL,1,NULL
cooka002,Aaron,Cook,11,80,NULL
cordf002,Francisco,Cordero,NULL,1,NULL
corml001,Lance,Cormier,NULL,1,NULL
corpm001,Manuel,Corpas,NULL,12,NULL
costm001,Mike,Costanzo,1,21,NULL
craij001,Jesse,Crain,NULL,1,NULL
cruzr001,Rhiner,Cruz,NULL,1,NULL
cumpb001,Brandon,Cumpton,NULL,12,NULL
cunnt001,Todd,Cunningham,2,8,NULL
curtc002,Colin,Curtis,11,64,NULL
curtj002,Jermaine,Curtis,NULL,5,NULL
dankj001,John,Danks,NULL,13,NULL
darnj001,James,Darnell,14,71,NULL
darvy001,Yu,Darvish,1,6,NULL
davib005,Blake,Davis,15,65,NULL
david002,Doug,Davis,NULL,28,NULL
davik002,Kyle,Davies,NULL,3,NULL
davim005,Matt,Davidson,18,87,NULL
daviw001,Wade,Davis,2,11,NULL
deckj001,Jaff,Decker,4,31,NULL
dedus001,Samuel,Deduno,NULL,2,NULL
dejei002,Ivan,"De Jesus",15,80,NULL
delae002,Eury,"de la Rosa",NULL,1,NULL
delar003,Rubby,"De La Rosa",3,16,NULL
delcm001,Manny,Delcarmen,NULL,1,NULL
delgr001,Randall,Delgado,13,76,NULL
